"","names","GEO.accession","GSM.accession","Sample.name","Phenotype","Menstrual.cycle.time","Menstrual.cycle.phase","Age.years","PC1","PC2","EndEst"
"SRR3216048","SRR3216048","PRJNA314429","SAMN04534904","RIF1","RIF",NA,"Secretory mid","30-40",-14.1797527431155,2.46525142004893,76
"SRR3216049","SRR3216049","PRJNA314429","SAMN04534906","RIF144","RIF",NA,"Secretory mid","30-40",2.83080315304303,8.9977482741257,72
"SRR3216051","SRR3216051","PRJNA314429","SAMN04534915","C2","Fertile",NA,"Secretory mid","30-40",10.709644369299,-16.2523142757272,71
"SRR3216052","SRR3216052","PRJNA314429","SAMN04534916","C3","Fertile",NA,"Secretory mid","30-40",28.1461488955222,2.87018367352078,68
"SRR3216053","SRR3216053","PRJNA314429","SAMN04534917","C42","Fertile",NA,"Secretory mid","30-40",-15.5832808026283,2.87721178512763,76
"SRR3216054","SRR3216054","PRJNA314429","SAMN04534907","RIF158","RIF",NA,"Secretory mid","30-40",-20.6757432954769,-1.86690893284103,77
"SRR3216055","SRR3216055","PRJNA314429","SAMN04534905","RIF3","RIF",NA,"Secretory mid","30-40",-7.17534759735307,-4.09122124031031,75
"SRR3216056","SRR3216056","PRJNA314429","SAMN04534908","RIF4","RIF",NA,"Secretory mid","30-40",15.9275280207095,5.0000492960555,70
